firm_id,year,y,x1,x2,x3,x4,x5,x6,x7
60,2019.0,0.083712,3.9318256327243257,2.3025851,31.728,25.878773,0.4622664,0.07144285,0.644
60,2020.0,0.07632599999999999,4.2626798770413155,2.1972246,30.8561,26.610432,0.26894858,0.021584786,0.6552629999999999
60,2021.0,0.074792,4.653960350157523,2.3025851,31.0479,26.132452,0.1336191,0.20059009,0.6524639999999999
60,2022.0,0.070548,4.406719247264253,2.3025851,31.0003,26.769587,0.1424685,0.007866543,0.6404639999999999
60,2023.0,0.06942899999999999,4.174387269895637,2.3025851,30.8746,26.909554,0.1932856,0.081763074,0.6413869999999999
60,2024.0,0.06412999999999999,4.290459441148391,2.7725887,28.3332,27.127422,0.2888874,0.09437848,0.6232869999999999
60,2025.0,0.073129,4.2626798770413155,2.4849067,28.5525,27.134743,0.1410555,0.121090926,0.61165
15,2019.0,0.009759,2.302585092994046,2.3025851,30.602899999999998,23.050392,0.2867778,0.076131955,0.584174
15,2020.0,0.016611,2.302585092994046,2.1972246,30.602899999999998,23.115541,0.25418463,0.0900781,0.5962689999999999
15,2021.0,0.024690999999999998,1.9459101490553132,2.6390574,30.602899999999998,23.185627,0.3343911,0.26270697,0.6063109999999999
15,2022.0,0.033204,1.3862943611198906,2.3978953,30.602899999999998,23.254848,0.33242545,-0.007847333,0.611478
15,2023.0,0.038217,2.302585092994046,2.3978953,30.602899999999998,23.355337,0.3554309,-0.015766658,0.626413
15,2024.0,0.04672,1.9459101490553132,2.3025851,30.602899999999998,23.332745,0.29323077,-0.07157137,0.601263
15,2025.0,0.046037999999999996,1.791759469228055,2.3025851,30.602899999999998,23.422054,0.41365495,-0.015518478,0.612607
98,2019.0,0.003064,3.091042453358316,2.3025851,23.785,23.376665,0.3534037,-0.053568423,0.640058
98,2020.0,-0.004913,2.70805020110221,2.3025851,23.785,23.502293,0.46434855,-0.070391156,0.6918599999999999
98,2021.0,0.005732999999999999,3.1354942159291497,2.3978953,23.785,23.443933,0.36879414,0.17188059,0.6711889999999999
98,2022.0,0.017103999999999998,2.9444389791664403,2.3025851,24.1239,23.508299,0.45024425,0.12101524,0.658092
98,2023.0,0.039873,1.9459101490553132,2.3025851,24.1239,23.688107,0.54554296,0.19947638,0.680582
98,2024.0,0.030229,1.791759469228055,2.3025851,24.1239,23.900177,0.5342765,0.17953706,0.729843
98,2025.0,0.019273,2.0794415416798357,2.3025851,24.1239,23.827978,0.4249293,0.06317567,0.708948
83,2019.0,0.049141,2.302585092994046,2.3025851,13.4703,22.543808,0.20139998,-0.12214216,0.20530299999999999
83,2020.0,0.037815999999999995,1.791759469228055,2.6390574,13.4703,22.865604,0.15147522,0.12204596,0.259076
83,2021.0,0.027558,2.1972245773362196,2.3025851,13.4703,22.771051,0.11941837,0.2744458,0.35292
83,2022.0,0.022949999999999998,2.6390573296152584,2.3978953,13.8397,22.699347,0.079515494,0.83543545,0.43740999999999997
83,2023.0,0.022715,2.3978952727983707,2.5649493,12.1707,22.871174,0.24340174,0.033941492,0.422987
83,2024.0,0.030507,2.70805020110221,2.3025851,12.7416,23.565834,0.18950301,-0.0009997073,0.40753799999999996
83,2025.0,0.01274,2.1972245773362196,2.1972246,12.8494,23.566269,0.2013864,-0.027787631,0.39236
26,2019.0,0.087737,3.8501476017100584,2.3025851,18.2231,26.368614,0.4993727,0.00015067194,0.6040329999999999
26,2020.0,0.079792,3.6109179126442243,2.1972246,18.6995,26.355259,0.48207268,-0.1511651,0.5814
26,2021.0,0.071439,3.7612001156935624,2.0794415,15.2568,26.49033,0.41876164,0.11694268,0.6623089999999999
26,2022.0,0.064816,3.7612001156935624,2.3025851,16.0237,26.595453,0.4927573,0.0059589967,0.7130449999999999
26,2023.0,0.07531199999999999,2.70805020110221,2.3025851,16.0237,26.631495,0.34952185,0.079321764,0.6722049999999999
26,2024.0,0.087957,3.091042453358316,2.3025851,16.1095,26.631435,0.3094668,-0.0726329,0.615485
26,2025.0,0.073748,2.995732273553991,2.3978953,16.1095,26.692924,0.3003899,-0.09894392,0.617266
29,2019.0,0.004621999999999999,3.4339872044851463,2.3978953,47.605,22.421593,0.14961904,-0.21238793,0.5540579999999999
29,2020.0,0.020107999999999997,3.1354942159291497,2.0794415,47.605,22.337717,0.1936071,0.104042105,0.44197
29,2021.0,0.032991,1.0986122886681098,2.1972246,47.605,22.424257,0.2517611,0.07396885,0.46215799999999996
29,2022.0,0.041117999999999995,2.1972245773362196,2.0794415,47.605,22.493382,0.10050842,0.09609521,0.467485
29,2023.0,0.036676,2.0794415416798357,2.0794415,47.605,22.627684,0.14810333,-0.013606299,0.516073
29,2024.0,0.03442,2.3978952727983707,2.0794415,47.605,22.669044,0.10357903,0.09049474,0.517046
29,2025.0,0.028485999999999997,2.70805020110221,2.1972246,47.9086,22.770113,0.17458299,-0.01599858,0.547805
43,2019.0,0.058471999999999996,4.406719247264253,2.3025851,55.2355,22.397112,0.006997115,0.14595695,0.629257
43,2020.0,0.034546,5.14166355650266,2.3025851,54.9718,22.400627,0.006997115,-0.043596424,0.57973
43,2021.0,0.037045999999999996,4.382026634673881,2.4849067,54.9782,23.138933,0.64370626,0.27489492,0.592888
43,2022.0,0.074546,4.6443908991413725,2.3025851,50.8208,23.103746,0.35699785,0.10713281,0.44367799999999996
43,2023.0,0.051644999999999996,4.634728988229636,2.3025851,50.8279,23.161003,0.33959538,-0.1150119,0.443612
43,2024.0,0.022088999999999998,4.584967478670572,2.1972246,50.8279,23.089554,0.29022592,-0.18199864,0.397146
43,2025.0,0.014549,4.382026634673881,2.3025851,51.2118,23.187325,0.27639177,0.013297744,0.449864
9,2019.0,0.057381999999999996,1.0986122886681098,2.3025851,37.921,24.249352,0.28040084,0.0397963,0.632815
9,2020.0,0.068068,1.3862943611198906,2.3025851,37.921,24.45644,0.20919782,0.2920944,0.655442
9,2021.0,0.041874,1.6094379124341003,2.1972246,37.921,24.747698,0.16795737,0.39612716,0.721329
9,2022.0,0.055425999999999996,2.1972245773362196,2.3978953,37.921,24.737404,0.10726454,0.09698485,0.7060299999999999
9,2023.0,0.072657,2.3978952727983707,2.5649493,37.2322,24.91211,0.08919541,0.15496203,0.705882
9,2024.0,0.073544,2.1972245773362196,2.3025851,37.2839,24.967493,0.06668578,0.08347435,0.722038
9,2025.0,0.06764099999999999,2.302585092994046,2.3025851,37.3148,24.971537,0.050162278,-0.05193914,0.692495
70,2023.0,0.024496999999999998,3.1354942159291497,2.3025851,47.189,20.561638,0.61095953,-0.346924,0.09963899999999999
70,2024.0,0.010352,3.1780538303479458,2.4849067,47.189,20.650536,0.4249817,-0.11091031,0.219131
70,2025.0,0.008316,3.258096538021482,2.4849067,47.189,20.567026,0.22517142,0.13906123,0.158347
90,2023.0,0.050986,0.0,2.1972246,22.2359,20.916584,0.06838042,0.0001043251,0.186589
90,2024.0,0.050676,0.0,2.0794415,22.2359,21.066965,0.07218562,0.13819943,0.279898
90,2025.0,0.034145,0.6931471805599453,2.0794415,22.2359,21.162544,0.090484455,0.017933879,0.342235
42,2024.0,0.052195,2.0794415416798357,2.4849067,25.1963,21.38661,0.26785785,0.064471,0.36971
42,2025.0,0.013267,2.5649493574615367,2.1972246,25.1984,21.36722,0.24255864,0.045572758,0.359064
17,2024.0,0.051198999999999995,1.3862943611198906,2.0794415,29.592,21.414701,0.36949155,-0.17514543,0.376955
17,2025.0,0.039458,2.772588722239781,2.1972246,28.7444,21.650782,0.39996287,0.027714219,0.46645499999999995
24,2019.0,0.002639,0.6931471805599453,2.3025851,29.4763,22.886396,0.12674174,-0.03150799,0.745979
24,2020.0,-0.12153399999999999,0.6931471805599453,2.3025851,29.4763,22.775406,0.13173324,-0.18933637,0.849927
24,2021.0,0.047865,1.3862943611198906,2.3025851,29.4763,22.834843,0.13435723,0.33282372,0.802016
24,2022.0,0.102518,1.0986122886681098,2.3025851,25.5871,22.821798,0.18978629,0.031175904,0.565601
24,2023.0,0.067927,1.0986122886681098,2.3978953,38.7814,23.101234,0.36058483,0.12212423,0.593231
24,2024.0,0.085591,1.6094379124341003,2.1972246,38.4608,23.220865,0.2967908,0.11385197,0.546478
24,2025.0,0.086893,2.0794415416798357,2.3025851,38.13,23.23207,0.28539783,0.028090809,0.458208
47,2019.0,0.161686,1.6094379124341003,2.5649493,81.1918,22.683685,0.14126159,0.11216084,0.422296
47,2020.0,0.149901,2.1972245773362196,2.3978953,81.1953,23.232237,0.24214496,-0.06329035,0.411278
47,2021.0,0.139672,2.1972245773362196,2.3025851,82.4409,23.355116,0.2159123,0.1606924,0.449021
47,2022.0,0.159518,1.9459101490553132,2.3025851,82.4434,23.284567,0.25635108,-0.065544724,0.453958
47,2023.0,0.166283,2.1972245773362196,2.3978953,82.6422,23.29639,0.27394208,0.056191985,0.5130859999999999
47,2024.0,0.16924999999999998,2.0794415416798357,2.3025851,83.1753,23.30846,0.1892167,0.052731477,0.5129199999999999
47,2025.0,0.15609399999999998,1.9459101490553132,2.6390574,83.1626,23.319786,0.14949244,0.015356914,0.529049
35,2019.0,0.127269,1.9459101490553132,2.3978953,13.8613,22.511023,0.19488211,-0.056930233,0.47847999999999996
35,2020.0,0.071113,2.1972245773362196,2.0794415,13.9158,22.488588,0.15295936,-0.24140163,0.44658299999999995
35,2021.0,0.032919,2.4849066497880004,2.0794415,14.27,22.600067,0.15498288,0.28148377,0.489166
35,2022.0,0.02274,2.772588722239781,2.1972246,14.27,22.625284,0.24990058,0.04127566,0.491803
35,2023.0,0.062325,2.1972245773362196,2.0794415,14.27,22.69717,0.23055382,0.07116428,0.487413
35,2024.0,0.06622399999999999,4.3694478524670215,2.0794415,14.27,22.710878,0.23219335,0.022334471,0.476031
35,2025.0,0.042136,2.0794415416798357,2.0794415,14.27,22.68546,0.24889526,-0.11358551,0.45544799999999996
40,2019.0,0.096944,1.0986122886681098,2.3025851,32.4281,23.41723,0.19119199,0.041666605,0.366782
40,2020.0,0.086501,0.6931471805599453,2.5649493,29.7752,23.558392,0.23594609,0.07285445,0.40392
40,2021.0,0.07217699999999999,0.6931471805599453,2.3025851,29.4395,23.885359,0.3938183,0.32295874,0.523598
40,2022.0,0.093274,1.0986122886681098,2.3978953,27.259900000000002,24.054085,0.24886757,0.3324888,0.5308039999999999
40,2023.0,0.09199299999999999,1.3862943611198906,2.3025851,25.4108,24.185577,0.23549351,0.15038039,0.43357199999999996
40,2024.0,0.085593,0.6931471805599453,2.3025851,25.4123,24.316591,0.16458048,0.13801573,0.46307899999999996
40,2025.0,0.083121,1.6094379124341003,2.3025851,22.54,24.62334,0.41017985,0.10965624,0.351493
92,2019.0,-0.9091039999999999,2.4849066497880004,1.9459101,27.310200000000002,20.320368,0.026750704,-0.37546396,1.237895
92,2023.0,-0.02353,1.9459101490553132,2.3025851,7.2367,20.087084,0.099072784,-0.03407615,0.510154
92,2024.0,-0.052246999999999995,3.5553480614894135,1.7917595,7.2367,20.232227,0.19335026,0.2722479,0.647315
54,2019.0,0.107898,2.9444389791664403,2.3025851,50.1131,22.733866,0.35401896,0.144788,0.497712
54,2020.0,0.10031,2.995732273553991,2.4849067,50.1224,22.93536,0.262622,0.20021605,0.531191
54,2021.0,0.08234799999999999,2.9444389791664403,2.0794415,50.1324,22.865257,0.21750209,-0.0608775,0.501933
54,2022.0,0.07385599999999999,2.9444389791664403,1.9459101,50.1324,22.6798,0.18432485,-0.034513302,0.529813
54,2023.0,0.051306,2.302585092994046,1.9459101,50.1324,22.753002,0.3436441,-0.05541089,0.542011
54,2024.0,0.014029,2.5649493574615367,1.9459101,50.1324,22.749596,0.37094766,-0.07942274,0.539431
54,2025.0,0.015028,2.1972245773362196,2.3978953,50.3952,22.77665,0.50121945,-0.072271325,0.53759
72,2021.0,0.050143,0.0,2.3025851,31.3414,21.214819,0.18860552,0.24503312,0.6770379999999999
72,2022.0,0.043115999999999995,0.0,2.3025851,31.3035,21.148003,0.14257972,-0.059753664,0.598174
72,2023.0,0.046876,1.0986122886681098,2.3025851,20.7284,21.291847,0.23517476,0.09708273,0.6001489999999999
72,2024.0,0.052729,3.2188758248682006,2.3025851,20.7284,21.303896,0.19815278,0.07928981,0.5473439999999999
72,2025.0,0.078482,3.4657359027997265,2.0794415,20.7284,21.425877,0.2867826,0.011403888,0.520842
59,2019.0,0.024318,1.9459101490553132,2.0794415,35.0679,22.375744,0.09346615,0.087305404,0.584272
59,2020.0,0.01903,3.258096538021482,2.3025851,35.0679,22.429817,0.1285134,-0.18327777,0.5881219999999999
59,2021.0,-0.017008,3.2188758248682006,2.0794415,35.8666,22.494781,0.108030714,0.21268305,0.629814
59,2022.0,-0.018857,3.1780538303479458,2.0794415,36.8861,22.372406,0.0727812,-0.16198002,0.6056469999999999
59,2023.0,-0.086495,3.332204510175204,2.0794415,36.8861,22.272398,0.05083879,-0.1641862,0.650867
59,2024.0,0.002147,3.871201010907891,2.3978953,36.8861,22.2901,0.07823042,0.19060344,0.658837
59,2025.0,-0.048725,3.4965075614664802,2.0794415,36.8861,22.244879,0.080603205,-0.08519621,0.695786
5,2019.0,-0.130047,0.0,2.8903718,15.7515,22.168165,0.015430948,-0.31205726,0.682705
5,2021.0,0.01392,0.0,2.3025851,11.8796,21.704765,0.031495094,0.01063355,0.43783
5,2022.0,0.0054789999999999995,1.3862943611198906,2.3025851,11.8796,21.880175,0.15036741,0.32530445,0.531049
5,2023.0,0.008055999999999999,1.3862943611198906,2.4849067,11.8796,21.69727,0.04125999,-0.2709138,0.427133
5,2024.0,-0.029700999999999998,1.0986122886681098,2.3025851,11.8796,21.853462,0.070233196,0.13860549,0.482143
5,2025.0,0.00771,2.1972245773362196,2.3025851,11.8796,21.929598,0.045929402,0.08193273,0.511236
67,2019.0,0.052865999999999996,2.9444389791664403,2.4849067,54.5001,23.81263,0.21610081,0.033512793,0.555931
67,2020.0,0.06644599999999999,2.1972245773362196,2.1972246,54.5001,24.002398,0.16615093,0.51751024,0.557572
67,2021.0,0.015785999999999998,2.4849066497880004,2.3025851,39.4868,23.96555,0.08784819,0.11650931,0.49364199999999997
67,2022.0,0.045578,2.302585092994046,2.3025851,19.6398,23.966173,0.16397397,-0.33320165,0.45745399999999997
67,2023.0,0.061721,2.0794415416798357,2.3025851,19.6398,24.00881,0.15978894,0.1423074,0.430204
67,2024.0,0.059702,1.791759469228055,2.3025851,19.6398,24.090597,0.17505684,0.1840315,0.437021
67,2025.0,0.054211999999999996,1.6094379124341003,2.3025851,27.5922,24.021154,0.15467262,-0.12393568,0.360186
41,2019.0,-0.550833,2.0794415416798357,2.0794415,18.125,19.298513,0.2929744,-0.35662913,0.305585
51,2019.0,0.15154499999999999,2.0794415416798357,2.3025851,49.6837,23.089006,0.4287643,0.045212362,0.345256
51,2020.0,0.13544799999999999,1.6094379124341003,2.3025851,49.6837,23.245594,0.3681075,0.047424175,0.342265
51,2021.0,0.096993,1.0986122886681098,2.3025851,49.6837,23.355589,0.30521217,0.24839215,0.369622
51,2022.0,0.103612,1.6094379124341003,2.3978953,49.6837,23.433968,0.38060904,0.012199281,0.34452299999999997
51,2023.0,0.102187,1.9459101490553132,2.3025851,49.6837,23.543427,0.13198629,0.09058029,0.366455
51,2024.0,0.091268,3.7612001156935624,2.3025851,49.9067,23.559021,0.09724801,0.0009604443,0.33897099999999997
51,2025.0,0.071993,3.091042453358316,2.3025851,49.8985,23.568644,0.072536476,-0.09779889,0.32753099999999996
100,2019.0,0.08741299999999999,2.4849066497880004,2.0794415,29.6591,22.66391,0.12170743,-0.100402474,0.438461
100,2020.0,0.07839499999999999,2.6390573296152584,2.0794415,29.6591,22.778017,0.16591157,0.008044063,0.478477
100,2021.0,0.043909,2.3978952727983707,2.0794415,29.6591,22.818548,0.23333095,0.20054995,0.506549
100,2022.0,0.07975,2.9444389791664403,2.3025851,29.6591,22.653439,0.18677385,-0.11947782,0.37335199999999996
100,2023.0,0.067674,3.1354942159291497,2.0794415,29.6591,22.490166,0.21208835,-0.07906369,0.459372
100,2024.0,0.074862,2.9444389791664403,2.0794415,29.6591,22.896252,0.28245875,0.20285688,0.458841
100,2025.0,0.026588999999999998,2.8903717578961645,2.1972246,29.6591,22.816473,0.16277269,-0.015407235,0.40762699999999996
11,2019.0,0.045606999999999995,1.791759469228055,2.3025851,27.7451,22.538506,0.14456272,-0.031349104,0.447357
11,2020.0,0.049388999999999995,1.6094379124341003,2.3025851,20.6279,22.916296,0.24959108,0.3360114,0.47157
11,2021.0,0.050711,1.9459101490553132,2.3025851,20.2349,22.949507,0.1318486,0.124492034,0.45062399999999997
11,2022.0,0.012771,2.3978952727983707,2.3978953,20.4693,22.887484,0.14249027,-0.23999648,0.44654699999999997
11,2023.0,0.014263999999999999,1.0986122886681098,2.3025851,20.4693,22.805132,0.097761944,-0.16497692,0.425919
11,2024.0,0.009659,1.791759469228055,2.3025851,20.4691,22.748932,0.099667594,-0.039188962,0.41079
11,2025.0,0.0015999999999999999,1.791759469228055,2.3025851,20.4689,22.735672,0.12853807,0.052472457,0.408276
14,2019.0,-0.082081,2.8903717578961645,2.5649493,16.7886,22.219812,0.09714108,-0.034670074,0.20257999999999998
14,2021.0,-0.247945,2.6390573296152584,2.3025851,16.9282,21.96979,0.17335649,0.054949917,0.21642699999999998
14,2022.0,0.014485999999999999,2.0794415416798357,2.3025851,16.9282,21.821005,0.0740757,-0.45987967,0.079997
14,2023.0,-0.021162999999999998,1.9459101490553132,2.8332133,17.6318,21.750004,0.15996458,-0.4197875,0.09775099999999999
14,2024.0,-0.096927,2.302585092994046,2.3025851,10.2301,21.668251,0.06952218,0.14986023,0.129854
14,2025.0,-0.146719,2.302585092994046,2.3025851,10.0196,21.52512,0.2042053,0.020076696,0.14214
61,2019.0,0.004809,4.04305126783455,1.7917595,12.7225,22.89518,0.27855536,-0.052592497,0.7086509999999999
61,2020.0,-0.062049,3.9889840465642745,1.7917595,12.4447,22.901596,0.46925583,0.12886375,0.793349
61,2022.0,0.139311,1.9459101490553132,2.0794415,48.0548,22.60903,0.33604634,-0.22518747,0.729706
61,2023.0,0.12231099999999999,2.0794415416798357,2.0794415,48.0548,21.19497,0.024202622,0.9355052,0.810767
61,2024.0,0.13031199999999998,2.6390573296152584,2.0794415,48.0548,23.42411,0.19903976,0.2095671,0.76213
61,2025.0,0.136706,1.3862943611198906,2.0794415,48.0548,23.471571,0.178532,0.009269236,0.689075
81,2019.0,0.004484,2.4849066497880004,2.0794415,25.0596,21.360907,0.09552128,0.039443705,0.438189
81,2020.0,0.014242,2.1972245773362196,1.9459101,25.0596,21.403223,0.10457965,0.027610257,0.44742299999999996
81,2021.0,0.015979999999999998,2.302585092994046,2.0794415,22.3228,21.475574,0.08951113,0.23395541,0.47392399999999996
81,2022.0,0.017495,1.791759469228055,2.1972246,29.1369,21.551672,0.08887551,-0.015180859,0.493233
81,2023.0,0.013796,1.9459101490553132,2.0794415,29.1369,21.662094,0.09941267,0.07931681,0.53162
81,2024.0,0.016323,2.0794415416798357,2.0794415,29.597,22.04065,0.16316572,0.18979636,0.638048
81,2025.0,0.023798,2.302585092994046,2.4849067,29.597,22.0375,0.09764116,0.075565904,0.610105
38,2019.0,0.231534,0.0,2.4849067,23.2027,21.409794,0.44880217,0.20242432,0.23533099999999998
38,2020.0,0.24950799999999998,1.3862943611198906,2.3978953,23.2027,21.501919,0.25667894,0.051257484,0.21795399999999998
38,2021.0,0.282171,1.3862943611198906,2.3025851,21.2027,21.580063,0.29682115,0.22187188,0.172085
38,2022.0,0.19825399999999999,1.3862943611198906,2.3978953,21.2027,21.54775,0.46662894,-0.15241566,0.137755
38,2023.0,0.199036,1.791759469228055,2.3025851,21.2027,21.570288,0.56381255,-0.08798232,0.130378
38,2024.0,0.058088999999999995,1.791759469228055,2.3978953,21.2027,21.355572,0.3946012,-0.47540918,0.120734
38,2025.0,0.006473,1.791759469228055,2.3025851,21.2027,21.20841,0.3350243,-0.48241588,0.093469
76,2019.0,0.08446999999999999,2.995732273553991,2.3025851,43.0632,22.821365,0.25748634,0.08055094,0.46901899999999996
76,2020.0,0.09249299999999999,2.8903717578961645,2.3978953,41.7477,23.248575,0.5257579,0.4456684,0.511529
76,2021.0,0.065367,2.5649493574615367,2.3025851,41.6328,23.259092,0.28837875,0.130493,0.512469
76,2022.0,0.08005799999999999,2.833213344056216,2.3025851,41.7477,23.27774,0.35508975,-0.081546485,0.447752
76,2023.0,0.07252299999999999,2.70805020110221,2.3025851,42.699,23.392673,0.28734455,0.06939213,0.464242
76,2024.0,0.07130299999999999,2.5649493574615367,2.3025851,43.2252,23.473366,0.23396546,0.14844911,0.46304999999999996
76,2025.0,0.066884,2.4849066497880004,2.3025851,43.6667,23.471457,0.21187158,-0.03739336,0.4401
57,2019.0,0.031617,1.3862943611198906,2.1972246,29.185,20.934912,0.076252066,0.20507564,0.510254
57,2020.0,0.017377,1.6094379124341003,2.3025851,29.1382,21.121748,0.09361238,0.08832277,0.5717289999999999
57,2021.0,0.007984,0.6931471805599453,2.3025851,24.6928,21.507982,0.3321417,0.21236515,0.442405
57,2022.0,0.0030559999999999997,0.6931471805599453,2.3025851,19.6513,21.705402,0.11497337,0.3057658,0.534355
57,2023.0,-0.003058,0.6931471805599453,2.3025851,15.565,21.7741,0.052636147,-0.06974161,0.554897
57,2024.0,-0.079896,1.6094379124341003,2.3025851,9.6658,21.722294,0.056301378,-0.047048707,0.612783
57,2025.0,-0.165801,1.3862943611198906,2.3025851,9.2486,21.156282,0.029533915,-0.34269023,0.506305
55,2019.0,0.105557,1.791759469228055,2.7080503,70.4236,21.614262,0.26181722,0.19261481,0.14507499999999998
55,2020.0,0.100239,0.0,2.4849067,65.0206,21.928448,0.28484622,0.14032184,0.165016
55,2021.0,0.11184999999999999,2.1972245773362196,2.4849067,65.0206,21.243624,0.036045045,0.23957863,0.171862
55,2022.0,0.036742,1.791759469228055,2.3978953,65.0206,22.075212,0.20390171,-0.17912856,0.19666799999999998
55,2023.0,0.002753,2.1972245773362196,2.6390574,35.5192,22.087912,0.089144535,-0.01937859,0.20627099999999998
55,2024.0,-0.09529399999999999,2.772588722239781,2.4849067,35.5192,21.986973,0.121064015,0.007829628,0.241413
55,2025.0,0.024554,2.8903717578961645,2.4849067,35.5192,22.000341,0.11963354,0.004616777,0.22097499999999998
44,2019.0,0.009489,3.6888794541139363,2.3025851,27.9332,20.788158,0.028559985,-0.2022251,0.36564199999999997
44,2020.0,-0.461009,3.6635616461296463,3.0445225,27.9332,20.500265,0.05883987,-0.33770135,0.55887
44,2021.0,-0.179594,3.4011973816621555,2.3025851,29.0,20.360996,0.027055597,0.38002416,0.6727329999999999
44,2022.0,-0.009968,2.0794415416798357,2.3025851,29.0,20.200005,0.019855617,-0.34233624,0.6243879999999999
44,2023.0,-0.191789,2.3978952727983707,2.6390574,29.0,19.891258,0.031080287,-0.224773,0.680577
44,2024.0,-0.314563,2.70805020110221,2.7080503,25.8355,19.847193,0.059373315,-0.54178745,0.640803
84,2019.0,0.141779,0.0,2.0794415,33.416,21.034744,0.32588062,0.7307801,0.189138
84,2020.0,0.066264,0.6931471805599453,2.0794415,31.0851,21.232597,0.14486563,0.3089258,0.370726
84,2021.0,0.079751,0.6931471805599453,2.0794415,30.3054,21.364744,0.17147839,0.47639874,0.34456899999999996
84,2022.0,0.049562999999999996,1.0986122886681098,2.0794415,27.8922,21.634819,0.27224332,0.42430553,0.430637
84,2023.0,0.062734,0.6931471805599453,1.9459101,27.9114,21.945255,0.39662877,0.47680968,0.49152999999999997
84,2024.0,0.041538,1.3862943611198906,2.0794415,27.7139,21.987366,0.17357391,-0.2784379,0.473153
84,2025.0,0.055046,0.0,2.1972246,23.7836,22.019365,0.20043796,0.03730509,0.37316499999999997
88,2020.0,0.11596999999999999,3.6375861597263857,1.9459101,44.415,22.029379,0.38450012,0.3616062,0.465616
88,2021.0,0.07833999999999999,3.4339872044851463,1.7917595,44.2889,22.008944,0.18137546,-0.014647201,0.428006
88,2022.0,0.079206,3.4011973816621555,1.7917595,44.415,22.306929,0.5850352,0.14179432,0.514325
88,2023.0,0.082674,3.4657359027997265,1.7917595,44.1703,22.407122,0.31331927,0.14430113,0.49196199999999995
88,2024.0,0.049745,3.1780538303479458,1.7917595,44.1148,22.540298,0.30969846,0.009843747,0.526976
88,2025.0,0.07187,4.465908118654584,1.7917595,44.0517,22.487675,0.32654756,0.0991557,0.457625
99,2021.0,0.059911,2.302585092994046,2.4849067,50.0566,21.375896,0.37403822,0.07470837,0.281694
99,2022.0,0.048145,2.6390573296152584,2.3025851,50.0566,21.406885,0.4155244,0.02848295,0.272215
99,2023.0,0.050657,1.6094379124341003,2.3025851,50.0566,21.462986,0.5209756,0.09956262,0.279919
99,2024.0,0.051188,2.302585092994046,2.3978953,50.7686,21.511143,0.43036073,0.0059113204,0.28123899999999996
99,2025.0,0.03251,2.1972245773362196,2.1972246,50.7686,21.45507,0.4055322,-0.120734416,0.227267
91,2021.0,0.12472,3.2188758248682006,1.7917595,27.2425,21.244747,0.18899257,0.32493478,0.27002
91,2022.0,0.094779,2.833213344056216,1.7917595,27.1237,21.311075,0.43780196,-0.20886374,0.222652
91,2023.0,0.09429599999999999,3.1354942159291497,2.0794415,27.2841,21.514383,0.47547615,0.17623912,0.282242
91,2024.0,0.08119799999999999,3.2188758248682006,1.7917595,27.0533,21.641026,0.495314,0.14371368,0.300153
91,2025.0,0.027275999999999998,2.772588722239781,1.9459101,27.1659,21.713322,0.15388802,-0.024768325,0.351365
96,2019.0,0.070202,1.0986122886681098,2.3025851,23.3512,21.26014,0.11317859,-0.093979746,0.41388199999999997
96,2020.0,0.07001099999999999,2.0794415416798357,2.3025851,23.3512,21.27792,0.08757191,0.013619581,0.421855
96,2021.0,0.07238599999999999,2.6390573296152584,2.7725887,25.0224,21.362566,0.108878285,0.13329516,0.37490199999999996
96,2022.0,0.066465,1.6094379124341003,2.3025851,20.0119,21.743498,0.6183234,0.033788964,0.190359
96,2023.0,0.069898,1.791759469228055,2.3025851,25.0219,21.81066,0.18505779,-0.04615978,0.19511099999999998
96,2024.0,0.07167899999999999,1.6094379124341003,2.3978953,25.0219,21.844465,0.4854392,0.10388013,0.17657699999999998
96,2025.0,0.059633,1.6094379124341003,2.3025851,25.0219,21.895916,0.47443452,0.051180474,0.18234
37,2019.0,-0.032563,1.0986122886681098,2.0794415,16.3705,21.996065,0.068719305,-0.002360834,0.414304
37,2020.0,0.015132,1.0986122886681098,2.3978953,14.6758,22.054785,0.08151468,0.072987154,0.457412
37,2021.0,0.031497,0.6931471805599453,2.1972246,12.9679,22.397446,0.12090604,0.16275308,0.47357699999999997
37,2022.0,0.041930999999999996,0.6931471805599453,2.0794415,12.5627,22.702343,0.25879285,0.37010112,0.5423749999999999
37,2023.0,0.088806,1.791759469228055,2.0794415,12.5627,22.706987,0.2023732,0.07523255,0.461549
37,2024.0,0.049759,1.0986122886681098,2.0794415,12.6454,22.623869,0.07218224,-0.096194275,0.37902199999999997
37,2025.0,0.028465999999999998,0.0,2.3978953,12.6454,22.579735,0.085158326,-0.116538614,0.334098
20,2019.0,-0.636326,1.6094379124341003,1.9459101,12.7348,20.849482,0.045108937,-0.31335124,0.215074
20,2020.0,-0.057791999999999996,1.791759469228055,1.9459101,14.5406,20.678873,0.1410176,-0.29592693,0.130956
20,2021.0,0.030767,1.3862943611198906,1.9459101,14.5406,20.7452,0.09547284,0.024160754,0.15757
20,2022.0,0.112343,1.3862943611198906,2.1972246,14.5406,20.89453,0.06681847,-0.120005205,0.133156
20,2023.0,0.034316,1.791759469228055,1.9459101,14.5406,20.923393,0.09993439,0.14272787,0.12185399999999999
20,2024.0,0.050689,1.791759469228055,1.9459101,14.5406,20.988073,0.14761753,0.30096287,0.123817
20,2025.0,0.071381,1.6094379124341003,2.0794415,14.5406,21.138712,0.20566607,0.35476482,0.177317
82,2019.0,0.061058999999999995,1.9459101490553132,2.0794415,37.8441,21.402681,0.12726915,0.16814518,0.37683099999999997
82,2020.0,0.027787,1.791759469228055,2.3978953,38.2474,21.321226,0.0899514,0.12217864,0.331005
82,2021.0,0.054903999999999994,1.9459101490553132,2.0794415,38.2275,21.48073,0.1547795,0.2797051,0.412889
82,2022.0,0.042967,1.9459101490553132,1.9459101,33.7227,21.56225,0.19368331,0.098680906,0.51708
82,2023.0,0.05119,2.5649493574615367,1.9459101,33.7227,21.821283,0.38308877,0.0066582332,0.542683
82,2024.0,0.038375,2.0794415416798357,1.9459101,33.7201,21.807217,0.20096456,0.010050568,0.5565129999999999
82,2025.0,0.021789,2.3978952727983707,1.7917595,31.8312,22.024776,0.32117203,0.09028824,0.628966
36,2019.0,0.0007819999999999999,4.499809670330265,2.3025851,16.5626,21.60228,0.11179587,0.14680059,0.624638
36,2020.0,0.001565,4.343805421853684,2.3025851,16.5626,21.698828,0.15080824,0.15307744,0.65871
36,2021.0,0.021214999999999998,4.1588830833596715,2.5649493,18.5703,21.785309,0.12884651,0.22496754,0.69072
36,2022.0,-0.12795399999999998,3.6375861597263857,2.3978953,16.995,21.61878,0.15835157,-0.05101959,0.66008
36,2023.0,0.019166,3.295836866004329,2.3025851,17.0456,21.550968,0.12866163,0.025313407,0.5989169999999999
36,2024.0,0.023915,3.1780538303479458,2.5649493,17.0456,21.507238,0.22388628,0.037341055,0.5565439999999999
36,2025.0,0.035091,3.2188758248682006,2.3025851,17.0456,21.335136,0.14141685,-0.12014533,0.438173
27,2019.0,0.076304,0.0,2.7080503,28.5288,21.344221,0.07129155,0.26763704,0.22710799999999998
27,2020.0,0.061412999999999995,1.3862943611198906,2.3978953,28.5332,21.45787,0.11045917,-0.04966613,0.27244399999999996
27,2021.0,0.044086,1.3862943611198906,2.3025851,28.9858,21.540455,0.094994575,0.15668426,0.315544
27,2022.0,0.003979,0.6931471805599453,2.7080503,28.9858,21.493696,0.07030612,-0.19237225,0.30537
27,2023.0,0.015569999999999999,1.0986122886681098,2.3025851,28.9858,21.494553,0.117524885,0.2407383,0.290395
27,2024.0,0.041117,1.0986122886681098,2.3978953,28.9858,21.524828,0.14985345,0.0062715868,0.289508
27,2025.0,0.007215999999999999,1.3862943611198906,2.3978953,24.188,21.484337,0.095498934,-0.21630959,0.265804
71,2019.0,0.09551,1.3862943611198906,2.3025851,48.3589,21.225285,0.16360767,0.08814788,0.165156
71,2020.0,0.09261799999999999,1.3862943611198906,2.3025851,43.5172,21.487001,0.19081332,0.08635612,0.296934
71,2021.0,0.10284199999999999,1.0986122886681098,2.3025851,41.5676,21.52577,0.044409707,0.20206508,0.249223
71,2022.0,0.089519,1.0986122886681098,2.3025851,38.1044,21.53396,0.037835088,-0.06244585,0.183636
71,2023.0,0.102486,1.3862943611198906,2.3025851,36.0749,21.585117,0.059358414,0.032004397,0.174256
71,2024.0,0.095259,1.3862943611198906,2.3025851,35.3379,21.622448,0.050761748,0.04438089,0.182495
71,2025.0,0.092051,1.3862943611198906,2.3025851,33.3781,21.665218,0.08034647,0.029636754,0.134759
16,2019.0,0.083621,3.1780538303479458,2.0794415,22.3078,20.924816,0.31002045,0.16543671,0.379633
16,2020.0,0.089767,3.4339872044851463,2.0794415,22.3255,21.231623,0.4555383,0.18745382,0.46626799999999996
16,2021.0,0.04718,2.1972245773362196,2.1972246,22.3246,21.540792,0.21032794,0.40130043,0.54382
16,2022.0,0.03444,2.1972245773362196,2.0794415,22.3286,21.458298,0.2097442,-0.25315005,0.474416
16,2023.0,0.018387999999999998,2.4849066497880004,1.9459101,22.3285,21.441725,0.2861658,-0.23374686,0.463377
16,2024.0,0.024498,2.302585092994046,2.3978953,22.3276,21.506197,0.2550106,0.21669985,0.48502199999999995
16,2025.0,0.0052629999999999994,2.4849066497880004,2.0794415,19.5413,21.455055,0.20093744,-0.0063409354,0.315332
28,2019.0,0.079969,3.4657359027997265,2.1972246,22.2394,21.84386,0.16250674,0.029359346,0.267984
28,2020.0,0.072462,3.367295829986474,2.3025851,22.2394,21.89847,0.15048127,-0.064738534,0.260017
28,2021.0,0.007861,3.4657359027997265,2.5649493,22.2394,21.933065,0.18439397,0.15663901,0.33500199999999997
28,2022.0,0.029054,3.713572066704308,2.3025851,18.2079,21.910376,0.12971026,-0.16418552,0.344841
28,2023.0,0.060460999999999994,3.6109179126442243,2.3025851,18.2457,21.943695,0.10365763,0.038826946,0.35037799999999997
28,2024.0,0.015281,2.4849066497880004,2.3025851,18.2457,21.869665,0.1407517,-0.11642275,0.338441
28,2025.0,-0.014752,2.833213344056216,2.1972246,18.2457,21.80458,0.09797401,-0.1312131,0.337124
52,2021.0,0.111037,1.6094379124341003,2.0794415,28.0589,20.700058,0.5472419,0.20836481,0.266353
52,2022.0,0.045204,1.3862943611198906,2.0794415,28.0381,20.761604,0.5817362,-0.049792673,0.310624
52,2023.0,0.073603,0.6931471805599453,2.0794415,28.0381,20.692272,0.3234945,-0.17329672,0.234087
52,2024.0,0.07108099999999999,0.6931471805599453,2.0794415,28.0381,20.700901,0.36914656,0.1327829,0.279663
52,2025.0,0.109023,0.6931471805599453,2.3025851,28.0381,20.763863,0.29710257,0.26128215,0.278447
80,2021.0,0.156213,3.8501476017100584,2.3025851,36.5185,21.59825,0.45744482,0.4364997,0.384343
80,2022.0,0.097645,3.5553480614894135,2.3025851,36.5185,21.886524,0.5126486,-0.018105658,0.485892
80,2023.0,0.073706,3.4011973816621555,2.3025851,36.1818,21.927608,0.515652,-0.060291238,0.505748
80,2024.0,0.005042,3.367295829986474,2.3025851,36.2749,21.63261,0.22910395,-0.35683262,0.42898899999999995
80,2025.0,-0.141848,3.044522437723423,2.3978953,36.4033,21.459251,0.16912538,-0.4400238,0.470275
13,2021.0,0.115825,2.8903717578961645,2.0794415,43.666,21.316164,0.6813988,0.7165608,0.342256
13,2022.0,0.114219,2.995732273553991,2.0794415,43.9118,21.330923,0.5632953,0.03748392,0.268231
13,2023.0,0.075362,2.833213344056216,2.0794415,44.2159,21.588457,0.7925993,-0.038010165,0.355047
13,2024.0,0.011054999999999999,2.9444389791664403,2.0794415,38.404,21.599106,0.38961428,-0.4273451,0.41379699999999997
13,2025.0,-0.077023,2.995732273553991,2.0794415,37.7056,21.525965,0.037145846,-0.5194419,0.472991
32,2022.0,0.04464,1.6094379124341003,2.0794415,35.3678,21.131361,0.27779052,0.07631402,0.31583
32,2023.0,0.042568999999999996,2.0794415416798357,2.0794415,35.3678,21.4271,0.527921,0.07031543,0.43757999999999997
32,2024.0,0.025221,1.6094379124341003,2.0794415,35.389,21.425575,0.24572507,0.16091911,0.44903099999999996
32,2025.0,0.014577,2.1972245773362196,2.4849067,30.2466,21.52861,0.29067352,0.11675224,0.325527
65,2023.0,0.022268,4.04305126783455,2.3025851,20.3817,21.32888,0.37626424,0.033719283,0.293337
65,2024.0,0.020735999999999997,4.143134726391533,2.3025851,20.4964,21.336042,0.26709664,0.18064857,0.319331
65,2025.0,0.013516,3.8066624897703196,2.4849067,20.5542,21.417715,0.25098246,0.13601916,0.38534399999999996
78,2023.0,0.07532599999999999,2.3978952727983707,2.3025851,67.5045,21.565445,0.53987455,-0.052685194,0.356609
78,2024.0,0.08576099999999999,2.5649493574615367,2.0794415,67.5051,21.806852,0.40031284,0.45047185,0.495587
78,2025.0,0.026379999999999997,2.5649493574615367,2.3025851,67.695,22.099247,0.26628432,0.12292404,0.621086
85,2024.0,0.074713,1.791759469228055,2.0794415,36.0,21.252235,0.22967432,0.15658925,0.280265
85,2025.0,0.057949999999999995,1.9459101490553132,2.0794415,35.7819,21.35119,0.26260063,0.13452613,0.290613
53,2023.0,0.07074799999999999,2.1972245773362196,2.3025851,19.2298,21.544044,0.57035595,0.16555586,0.217995
53,2024.0,0.074427,2.1972245773362196,2.3025851,19.2298,21.697296,0.280421,0.3177029,0.30065
53,2025.0,0.073404,1.0986122886681098,2.3025851,19.1146,21.831898,0.18854411,0.09727668,0.349725
21,2024.0,0.030272,2.5649493574615367,1.7917595,29.5735,22.25466,0.26336968,0.11981298,0.37960499999999997
21,2025.0,0.027684999999999998,2.0794415416798357,1.7917595,29.5735,22.273897,0.20914184,-0.028138313,0.37427699999999997
46,2024.0,0.073391,2.302585092994046,2.3025851,37.1883,21.85405,0.35454643,0.073479146,0.17893699999999998
46,2025.0,0.059202,2.302585092994046,2.3025851,37.1883,21.843098,0.15500471,0.017584302,0.175928
12,2024.0,0.032069,3.9889840465642745,2.3978953,40.9219,21.110058,0.2080267,0.21289656,0.36466099999999996
12,2025.0,0.018067,4.04305126783455,2.3025851,40.7384,21.067146,0.19230133,-0.06705821,0.33813
66,2019.0,0.027562999999999997,2.0794415416798357,2.1972246,39.5262,24.099997,0.11284525,-0.029137217,0.444345
66,2020.0,0.048498,1.9459101490553132,2.1972246,29.9971,23.871193,0.083884634,0.15276413,0.444476
66,2021.0,0.047959999999999996,3.58351893845611,2.1972246,29.9971,23.928837,0.12929413,0.19042265,0.45345199999999997
66,2022.0,0.060162,2.833213344056216,2.1972246,30.0161,23.979988,0.07555175,-0.022713244,0.443519
66,2023.0,0.056527999999999995,2.3978952727983707,2.1972246,30.0678,23.96188,0.006997115,0.1722291,0.440608
66,2024.0,0.055118999999999994,3.044522437723423,2.3025851,30.0777,23.974632,0.012327567,0.09166524,0.464177
66,2025.0,0.06296299999999999,3.295836866004329,2.1972246,30.0777,24.520584,0.057882566,-0.014539793,0.407665
62,2019.0,0.078804,1.3862943611198906,2.1972246,32.1393,22.57012,0.32606116,-0.053416,0.406954
62,2020.0,0.074849,2.1972245773362196,2.5649493,32.1393,22.591732,0.41417298,-0.093168594,0.391107
62,2021.0,0.051144999999999996,3.258096538021482,2.0794415,32.1393,22.539642,0.31401235,-0.11549477,0.39754
62,2022.0,0.03184,2.6390573296152584,2.3025851,32.99,22.440521,0.32058614,-0.124983095,0.350997
62,2023.0,0.040698,2.70805020110221,2.3025851,34.6642,22.406635,0.32625133,-0.17575727,0.32411799999999996
62,2024.0,0.039244,2.6390573296152584,2.3025851,35.7061,22.388723,0.42669457,0.032726627,0.32839599999999997
62,2025.0,0.036865999999999996,2.1972245773362196,2.3025851,35.7061,22.362148,0.43607506,-0.15984294,0.306284
97,2019.0,0.029956,2.3978952727983707,2.3978953,38.5916,22.624853,0.3027667,0.13962428,0.6713939999999999
97,2020.0,0.057825999999999995,3.6109179126442243,2.5649493,38.5916,22.765894,0.15404807,0.09728646,0.6628609999999999
97,2021.0,0.028908,2.9444389791664403,2.3978953,23.0265,22.749054,0.15684633,0.22190739,0.652187
97,2022.0,0.021122,2.833213344056216,2.3025851,23.0293,22.750683,0.10773376,0.10909399,0.6428459999999999
97,2023.0,0.008327,2.70805020110221,2.3025851,23.0337,22.792856,0.08362842,-0.027489372,0.656485
97,2024.0,-0.006045,3.258096538021482,2.3025851,23.0337,22.790598,0.11537899,-0.15990219,0.664254
97,2025.0,-0.031469,3.258096538021482,2.3025851,23.0337,22.710495,0.104483485,-0.12881015,0.669169
3,2019.0,0.026102999999999998,1.0986122886681098,2.3025851,23.967,22.747297,0.1254894,0.03688855,0.606696
3,2020.0,0.01384,1.0986122886681098,2.6390574,23.967,23.427837,0.30102697,-0.087946616,0.634328
3,2021.0,0.013770999999999999,1.791759469228055,2.3025851,26.1211,23.772322,0.25863817,0.42413697,0.637602
3,2022.0,-0.003738,1.6094379124341003,2.1972246,26.1369,23.72952,0.15844828,0.046550274,0.634581
3,2023.0,-0.003477,1.0986122886681098,2.3025851,26.2982,23.780777,0.17012314,0.031989094,0.6324649999999999
3,2024.0,0.0007109999999999999,1.0986122886681098,2.4849067,26.4066,23.880035,0.1951254,0.10077856,0.666253
3,2025.0,0.003891,0.0,2.3025851,24.4559,23.898563,0.14009921,0.09340766,0.6706219999999999
63,2019.0,0.065799,3.970291913552122,2.6390574,19.1302,25.9568,0.21523277,0.09516555,0.653303
63,2020.0,0.05565,3.912023005428146,2.3978953,20.1702,26.038733,0.24785425,0.044649083,0.6652359999999999
63,2021.0,0.060779,3.9318256327243257,2.4849067,19.3743,26.105278,0.22534439,0.085017316,0.627135
63,2022.0,0.062465999999999994,3.784189633918261,2.3025851,23.7105,26.186428,0.24863844,0.070125185,0.598403
63,2023.0,0.066036,3.8066624897703196,2.3025851,23.6363,26.258156,0.23085737,0.073565625,0.582004
63,2024.0,0.067476,3.7376696182833684,2.3025851,24.6563,26.39354,0.2129097,0.09392053,0.591922
63,2025.0,0.06816599999999999,3.5553480614894135,2.4849067,24.6576,26.412933,0.16379671,0.057226036,0.5741069999999999
6,2019.0,0.004519,4.04305126783455,1.9459101,23.2153,25.027185,0.27255994,0.064851195,0.714343
6,2020.0,0.0029909999999999997,3.8501476017100584,2.3025851,23.2183,24.133198,0.035778344,0.06369054,0.730282
6,2021.0,0.008506999999999999,4.248495242049359,2.3025851,23.2183,25.097761,0.26940113,0.054883935,0.724943
6,2022.0,0.013262,4.1588830833596715,2.3978953,23.2183,25.172224,0.2722373,-0.07176611,0.73302
6,2023.0,0.019048,3.6375861597263857,2.3025851,23.2183,25.27081,0.30842757,0.05378547,0.745124
6,2024.0,0.018165999999999998,4.110873864173311,2.3025851,23.2183,25.3222,0.2692907,0.06398115,0.7487269999999999
6,2025.0,0.019746,4.127134385045092,2.3025851,23.2183,25.336502,0.2785388,0.049422193,0.741661
89,2019.0,0.012114999999999999,3.091042453358316,2.3025851,25.34,21.464857,0.21260086,-0.69941574,0.11302999999999999
89,2020.0,0.01899,2.995732273553991,2.3978953,25.34,21.517864,0.26400837,0.2879597,0.137732
89,2021.0,0.042407,2.833213344056216,2.3025851,25.34,21.620485,0.42616656,-0.07660319,0.203281
89,2022.0,0.056595,2.70805020110221,2.3025851,25.34,21.60478,0.4187544,0.19490014,0.134647
89,2023.0,0.064901,2.70805020110221,2.4849067,25.34,21.596823,0.4385117,-0.38618526,0.08073
89,2024.0,0.054948,2.1972245773362196,2.1972246,25.34,21.620937,0.47961,-0.46829247,0.07582499999999999
89,2025.0,0.051316999999999995,2.302585092994046,2.3025851,25.34,21.630236,0.4943639,0.031297415,0.064108
19,2019.0,-0.042574999999999995,0.0,2.7080503,51.0,22.749155,0.1831887,-0.15972535,0.504853
19,2020.0,-0.021346,1.6094379124341003,2.6390574,51.0,22.671055,0.06641223,-0.063917436,0.493629
19,2021.0,-0.098938,1.791759469228055,3.0910425,56.1854,22.507101,0.15473865,-0.0026099738,0.5024299999999999
19,2022.0,0.0049239999999999996,1.0986122886681098,2.5649493,57.3379,22.459389,0.3571656,-0.1353223,0.47323499999999996
19,2023.0,0.015460999999999999,1.9459101490553132,2.8332133,58.8461,22.381006,0.22688103,-0.061044343,0.517745
19,2024.0,0.038475999999999996,1.9459101490553132,2.5649493,59.8379,22.38046,0.2508919,-0.088467464,0.489934
19,2025.0,0.087172,2.0794415416798357,2.6390574,59.8379,22.508673,0.33998185,0.23225205,0.50078
73,2021.0,0.004325,2.4849066497880004,2.3025851,57.3398,22.622534,0.16843034,0.16278157,0.712089
73,2022.0,0.024135999999999998,2.4849066497880004,2.3025851,47.109,22.561146,0.14843217,-0.11787589,0.5805549999999999
73,2023.0,0.027774999999999998,2.772588722239781,2.3025851,47.1241,22.636095,0.15572934,0.10454482,0.629261
73,2024.0,0.017662999999999998,3.5263605246161616,2.3025851,47.1532,22.676521,0.15001817,0.057353254,0.642075
73,2025.0,0.011089,2.833213344056216,2.3025851,47.1657,22.677502,0.14087395,-0.016833361,0.640311
18,2024.0,0.09998299999999999,2.1972245773362196,2.0794415,71.5436,21.81691,0.1623669,0.1480208,0.29394899999999996
18,2025.0,0.106005,1.6094379124341003,2.3978953,71.5558,21.834557,0.15010528,0.10488695,0.283039
23,2021.0,0.064044,0.0,2.3025851,62.174,22.296684,0.49229732,0.6842231,0.50498
23,2022.0,0.039105,0.0,2.3978953,62.021,22.352484,0.12653789,-0.017229779,0.502136
23,2023.0,0.068865,0.6931471805599453,2.5649493,62.0209,22.389378,0.08791488,0.01169638,0.460789
23,2024.0,0.074185,0.0,2.3025851,63.2806,22.52982,0.10463484,0.17282143,0.46532799999999996
23,2025.0,0.082136,1.0986122886681098,2.3025851,55.0,22.647663,0.10245607,0.078312874,0.323756
56,2022.0,0.117201,1.791759469228055,2.3025851,56.25,21.141335,0.17398942,-0.082301624,0.343676
56,2023.0,0.121376,2.1972245773362196,2.3025851,55.6542,21.23018,0.20774251,0.040228404,0.32776
56,2024.0,0.048686,2.70805020110221,2.3025851,55.6984,21.7262,0.3012118,0.32007998,0.566767
56,2025.0,0.019836,2.1972245773362196,2.3025851,55.867,22.020985,0.15490055,0.14168045,0.6577959999999999
75,2022.0,0.150939,1.9459101490553132,2.3025851,41.9018,21.560696,0.2648413,0.055337094,0.350475
75,2023.0,0.098802,1.9459101490553132,2.3978953,41.9018,21.713774,0.34264016,-0.018740227,0.39536299999999996
75,2024.0,0.060527,2.995732273553991,2.7080503,43.065,21.78981,0.23952964,0.0033546346,0.443656
75,2025.0,0.032048,1.9459101490553132,2.3025851,43.065,21.892933,0.19148347,0.1833616,0.495392
30,2019.0,0.07563299999999999,2.3978952727983707,2.0794415,48.1855,22.138298,0.15276602,0.06213303,0.352743
30,2020.0,0.077168,2.3978952727983707,2.0794415,48.1855,22.216492,0.32389906,0.062184855,0.347748
30,2021.0,0.065466,2.1972245773362196,2.0794415,49.2736,22.334364,0.25610977,0.16983938,0.37079599999999996
30,2022.0,0.06772,2.1972245773362196,2.0794415,49.2736,22.337809,0.34182686,-0.11685511,0.337622
30,2023.0,0.067552,2.5649493574615367,2.0794415,49.2736,22.445261,0.49457246,0.00860906,0.365962
30,2024.0,0.057904,2.5649493574615367,2.0794415,49.2736,22.506912,0.50365615,-0.05658925,0.390441
30,2025.0,0.044502,2.1972245773362196,2.3025851,49.2736,22.489569,0.43523112,-0.024181813,0.446061
25,2019.0,0.066187,0.0,2.3025851,50.7009,20.914215,0.27919832,0.1479714,0.321942
25,2020.0,0.075658,0.6931471805599453,2.3025851,50.7009,20.933418,0.3125238,0.06859514,0.300952
25,2021.0,0.055607,0.6931471805599453,2.3025851,50.7009,20.974648,0.22102575,0.09272988,0.335096
25,2022.0,0.046508,0.6931471805599453,2.3978953,45.1374,21.209314,0.48849258,0.041837804,0.247335
25,2023.0,0.030584,1.0986122886681098,2.4849067,45.1374,21.198637,0.29607645,-0.08125824,0.220917
25,2024.0,0.038623,1.3862943611198906,2.3978953,45.1374,21.244408,0.19961643,0.08735493,0.223495
25,2025.0,0.044552999999999995,1.0986122886681098,2.3025851,45.1374,21.289598,0.24883968,0.08490135,0.241314
39,2019.0,0.093414,1.9459101490553132,2.1972246,36.6284,22.405365,0.43613502,-0.027389497,0.40504399999999996
39,2020.0,0.045763,0.6931471805599453,2.1972246,35.7309,22.687157,0.4958857,0.10127257,0.516182
39,2021.0,0.056429999999999994,1.9459101490553132,2.1972246,35.7796,22.91069,0.40973502,0.26508757,0.636003
39,2022.0,0.09321299999999999,1.6094379124341003,2.3025851,35.8116,23.079895,0.5027121,0.12139481,0.639443
39,2023.0,0.089072,2.70805020110221,2.3025851,35.8393,23.253971,0.51547194,-0.0132572055,0.6506959999999999
39,2024.0,0.09046,2.4849066497880004,2.1972246,35.8548,23.335026,0.3780592,0.110634446,0.635169
39,2025.0,0.046512,2.5649493574615367,2.1972246,35.8621,23.570759,0.24963272,0.010464613,0.6667719999999999
45,2019.0,0.014147999999999999,2.1972245773362196,2.3025851,57.7501,22.561153,0.11436366,0.05962586,0.484106
45,2020.0,0.027892999999999998,2.772588722239781,2.3025851,57.7501,22.549072,0.14916691,0.052476846,0.45166199999999995
45,2021.0,0.034193,2.3978952727983707,2.3025851,56.143,22.559978,0.10969437,0.18709172,0.413095
45,2022.0,0.039723999999999995,2.6390573296152584,2.3025851,56.2819,22.593813,0.066125765,-0.07325394,0.409668
45,2023.0,0.028238,2.833213344056216,2.3025851,56.7586,22.679373,0.06941101,0.24237649,0.428664
45,2024.0,0.027339,2.8903717578961645,2.3025851,56.8072,22.71681,0.10641341,0.04887523,0.427206
45,2025.0,0.020648,2.5649493574615367,2.3025851,56.8233,22.81522,0.07551321,-0.19532663,0.46359599999999995
64,2019.0,0.027992,3.7376696182833684,2.3978953,42.2766,22.189316,0.25858736,-0.066997685,0.426286
64,2020.0,0.104503,3.295836866004329,2.4849067,42.3836,22.541725,0.45363933,0.3617267,0.494842
64,2021.0,0.18783,3.6888794541139363,2.3025851,41.8161,23.095379,0.5803923,0.80901957,0.523648
64,2022.0,0.12775899999999998,3.4011973816621555,2.5649493,41.7085,23.311749,0.37232482,0.17108011,0.51685
64,2023.0,0.045667,3.1354942159291497,2.3025851,41.7622,23.31757,0.38298848,0.011570186,0.510895
64,2024.0,0.053618,3.5263605246161616,2.3025851,41.9985,23.433052,0.38834375,0.067097776,0.52105
64,2025.0,0.100852,3.5553480614894135,2.3025851,41.7355,23.581573,0.43445593,0.15097328,0.48123699999999997
1,2019.0,0.109871,3.091042453358316,2.1972246,46.0562,22.816044,0.040619157,0.043852404,0.38125
1,2020.0,0.09343499999999999,3.091042453358316,2.3025851,46.0464,22.87042,0.035691846,-0.046096027,0.386469
1,2021.0,0.100282,3.5263605246161616,2.0794415,46.1694,22.928999,0.038219586,0.11002804,0.357722
1,2022.0,0.09035699999999999,3.4657359027997265,1.9459101,46.1694,22.88606,0.17351206,-0.17822051,0.297832
1,2023.0,0.094176,3.258096538021482,1.9459101,46.6509,23.01352,0.5235132,0.07221639,0.325468
1,2024.0,0.093494,3.091042453358316,2.0794415,46.726,22.993034,0.16006634,-0.08962743,0.305162
1,2025.0,0.09591899999999999,3.1780538303479458,2.0794415,46.8145,22.986969,0.1773829,-0.017783402,0.270734
34,2019.0,0.109304,1.0986122886681098,2.0794415,33.9226,20.913425,0.23022385,0.0012393235,0.39497099999999996
34,2020.0,0.06691899999999999,0.6931471805599453,2.0794415,25.9226,21.080421,0.2533486,0.01143172,0.46768899999999997
34,2021.0,0.084908,1.0986122886681098,2.0794415,25.9226,20.980827,0.12406392,0.22159113,0.36134499999999997
34,2022.0,0.306409,1.0986122886681098,2.0794415,25.9226,21.33442,0.16653843,-0.107368566,0.302969
34,2023.0,0.32847499999999996,0.0,2.0794415,25.9226,21.390001,0.46119207,0.07612081,0.25043
34,2024.0,0.09916699999999999,0.0,2.0794415,25.9226,21.195322,0.2088955,0.12191787,0.167422
34,2025.0,0.09679299999999999,0.0,2.3978953,25.9226,21.204418,0.41326496,-0.012832364,0.241203
87,2020.0,0.075107,2.3978952727983707,2.0794415,62.1458,21.669392,0.7176002,-0.034424447,0.29337599999999997
87,2021.0,0.01426,3.6635616461296463,2.0794415,61.235,21.67805,0.47886404,0.29194254,0.36130599999999996
87,2022.0,0.101741,2.9444389791664403,2.0794415,61.8844,21.600262,0.43313232,-0.08642814,0.339981
87,2023.0,0.125463,3.091042453358316,2.0794415,61.9087,21.635405,0.5297162,0.06172465,0.334268
87,2024.0,0.13195099999999998,3.295836866004329,2.0794415,61.9403,21.539038,0.45869774,-0.06529691,0.345682
87,2025.0,0.129047,4.3694478524670215,1.9459101,63.715,21.543985,0.51192033,0.004575464,0.368411
7,2019.0,0.066125,0.0,2.3025851,34.4037,20.652346,0.35752025,0.040763076,0.32023199999999996
7,2020.0,0.07965,1.3862943611198906,2.1972246,33.5833,20.794079,0.1510258,0.2559928,0.30502
7,2021.0,0.07576,1.0986122886681098,2.3978953,31.0134,20.954071,0.09030124,0.93388385,0.24698199999999998
7,2022.0,0.08244599999999999,1.0986122886681098,2.3025851,31.0895,20.91267,0.060387455,-0.07634326,0.19730899999999998
7,2023.0,0.040042999999999995,1.6094379124341003,2.6390574,23.3171,21.711432,0.3858882,0.16962087,0.5829259999999999
7,2024.0,-0.025217999999999997,1.0986122886681098,2.3025851,23.3171,22.215696,0.18945599,0.13811538,0.7742979999999999
7,2025.0,-0.053341,1.3862943611198906,2.4849067,23.3171,22.21778,0.12829256,0.5149649,0.825565
4,2019.0,0.117074,3.7376696182833684,2.6390574,28.9289,21.623985,0.40421385,0.007955726,0.337188
4,2020.0,0.061339,3.5553480614894135,2.3025851,28.9289,21.805164,0.35860667,-0.12679628,0.440633
4,2021.0,0.069566,3.1780538303479458,2.3025851,28.9282,21.910479,0.3759803,0.29302108,0.45693
4,2022.0,0.04811,3.1780538303479458,2.4849067,24.9335,21.954023,0.40567532,-0.23262519,0.45380099999999995
4,2023.0,0.06007,3.4657359027997265,2.3025851,25.1127,21.94259,0.4042089,-0.07471558,0.417116
4,2024.0,0.051258,3.7376696182833684,2.3025851,25.5777,22.042896,0.14743716,-0.13916816,0.461358
4,2025.0,0.041967,3.4339872044851463,2.4849067,22.3108,21.996988,0.16039088,-0.0150115965,0.219858
49,2019.0,0.107018,0.0,2.0794415,46.875,20.719427,0.44523475,0.11000513,0.124608
49,2020.0,0.115149,0.0,2.0794415,46.875,20.936,0.37496403,0.517238,0.222545
49,2021.0,0.061988999999999995,0.0,2.1972246,46.875,21.268219,0.3508602,0.5158805,0.41276999999999997
49,2022.0,0.051578,0.0,2.4849067,45.949,21.50091,0.31452096,0.48421976,0.493639
49,2023.0,0.013817,0.0,2.0794415,45.7737,21.395086,0.21690203,-0.052791636,0.511065
49,2024.0,0.005868,1.6094379124341003,2.0794415,46.171,21.582687,0.2445722,0.16618773,0.597757
49,2025.0,-0.011399,1.791759469228055,2.4849067,46.6011,21.77079,0.25304398,0.20667821,0.679206
79,2019.0,0.042997,0.0,2.3025851,51.619,21.29703,0.042522587,0.20639569,0.394918
79,2020.0,0.031086,1.0986122886681098,2.3025851,52.0267,21.315548,0.12779014,-0.064220436,0.426011
79,2021.0,0.043241999999999996,1.791759469228055,2.7080503,29.9922,21.44402,0.17447506,0.28594196,0.46161199999999997
79,2022.0,0.031869999999999996,1.791759469228055,2.3978953,29.9915,21.420961,0.14577383,-0.10028885,0.44447699999999996
79,2023.0,0.032246,1.3862943611198906,2.5649493,29.9909,21.486217,0.17935388,-0.017823884,0.46044599999999997
79,2024.0,0.029828999999999998,1.0986122886681098,2.3978953,29.9203,21.539104,0.17002559,0.13105099,0.489311
79,2025.0,0.021265,1.0986122886681098,2.3978953,29.9203,21.527346,0.09305333,0.031622496,0.478431
48,2019.0,0.06455799999999999,0.0,2.3025851,55.1795,21.214659,0.09470218,0.014808496,0.43384799999999996
48,2020.0,0.062876,0.0,2.6390574,55.1795,21.29606,0.104176074,-0.12042962,0.42808799999999997
48,2021.0,0.070536,0.0,2.3025851,54.5223,21.45131,0.11024137,0.29860672,0.470199
48,2022.0,0.041555999999999996,0.6931471805599453,2.4849067,52.5223,21.485674,0.09696791,-0.07386513,0.45431499999999997
48,2023.0,0.047667999999999995,0.6931471805599453,2.4849067,52.5223,21.531878,0.11284217,-0.032277226,0.458161
48,2024.0,0.06873499999999999,1.3862943611198906,2.3025851,52.5223,21.635576,0.1140745,0.16157952,0.480157
48,2025.0,0.068608,0.0,2.3978953,52.5223,21.665829,0.103608064,-0.037408862,0.45081
95,2019.0,0.185027,2.302585092994046,2.0794415,80.9917,22.030018,0.061506927,-0.054617047,0.28808
95,2020.0,0.163764,2.4849066497880004,2.0794415,80.9917,22.08148,0.11187766,-0.050935864,0.271594
95,2021.0,0.153172,3.5553480614894135,2.0794415,80.9917,22.150553,0.08949129,0.122587115,0.27025699999999997
95,2022.0,0.189239,2.8903717578961645,2.0794415,80.9917,22.192646,0.12187476,0.15526506,0.21129399999999998
95,2023.0,0.228659,3.4339872044851463,2.0794415,80.9917,22.218235,0.12073122,0.09348103,0.197985
95,2024.0,0.12125599999999999,3.367295829986474,2.0794415,80.9917,22.051924,0.041841816,-0.18034202,0.1969
95,2025.0,0.128615,3.2188758248682006,2.0794415,80.9917,22.104933,0.04796124,-0.068993144,0.16447799999999999
2,2022.0,0.086626,4.219507705176107,2.3025851,24.1335,22.464432,0.15788716,0.16675095,0.41798399999999997
2,2023.0,0.05217,4.430816798843313,2.3025851,24.0946,22.51688,0.17324352,-0.11593893,0.41405899999999995
2,2024.0,0.062593,4.442651256490317,2.3025851,24.2025,22.62181,0.13756517,0.01880089,0.432884
2,2025.0,0.030414999999999998,3.9318256327243257,2.5649493,24.2026,22.648518,0.10505753,0.009011989,0.44315899999999997
77,2022.0,0.079167,0.6931471805599453,2.0794415,24.3632,22.050638,0.47852406,-0.3179568,0.327169
77,2023.0,0.075403,1.0986122886681098,2.0794415,24.3632,22.175526,0.29989007,0.43193153,0.360668
77,2024.0,0.078816,1.0986122886681098,2.1972246,24.3632,22.37432,0.29375064,0.47558492,0.42261099999999996
77,2025.0,0.029633999999999997,2.5649493574615367,1.9459101,24.3632,22.426146,0.14477047,0.09810974,0.452368
68,2020.0,0.17449399999999998,4.2626798770413155,2.1972246,23.2437,22.783516,0.72535825,0.07741842,0.093508
68,2021.0,0.143001,4.276666119016055,2.3978953,23.1951,23.006403,0.16836785,0.28840753,0.134066
68,2022.0,0.109246,4.189654742026425,2.0794415,23.1548,23.105867,0.18398902,0.13562755,0.11775899999999999
68,2023.0,0.142676,4.330733340286331,2.0794415,22.1022,23.38887,0.08243028,0.30549914,0.208334
68,2024.0,0.11304399999999999,4.3694478524670215,2.1972246,21.0266,23.584593,0.1018481,0.38028717,0.263919
68,2025.0,0.069311,4.276666119016055,2.1972246,20.9865,23.70233,0.1326068,0.56510967,0.287642
50,2021.0,0.032503,4.709530201312334,1.9459101,12.2691,21.811232,0.24539527,0.3787713,0.5638639999999999
50,2022.0,0.020343,4.532599493153256,1.9459101,12.2691,21.759853,0.09760198,-0.14062713,0.5436949999999999
50,2023.0,-0.068607,4.836281906951478,1.9459101,12.2691,21.818975,0.09671027,-0.09652298,0.659503
50,2024.0,-0.041034999999999995,5.0238805208462765,1.9459101,12.2691,22.029867,0.09053833,0.15541105,0.753933
50,2025.0,-0.06355999999999999,5.056245805348308,1.9459101,12.2691,21.961142,0.044494014,-0.047448948,0.78131
31,2021.0,0.094052,2.995732273553991,2.3025851,18.7622,22.360472,0.4490213,0.4277918,0.462742
31,2022.0,0.09479599999999999,3.091042453358316,2.3978953,18.7908,22.38834,0.29129833,0.045733344,0.406199
31,2023.0,0.021462,3.091042453358316,2.1972246,18.7908,22.442852,0.41437998,-0.15767968,0.441081
31,2024.0,0.022536,3.2188758248682006,2.1972246,18.7908,22.394512,0.3670896,-0.042726256,0.44615299999999997
31,2025.0,0.025212,3.4339872044851463,1.7917595,18.7908,22.45046,0.28427774,0.018468786,0.462505
94,2022.0,-0.155824,3.091042453358316,2.0794415,40.3123,20.4989,0.30001658,-0.246886,0.409155
94,2023.0,-0.06711299999999999,3.1354942159291497,2.1972246,40.4767,20.433697,0.3586472,0.42298996,0.459151
94,2024.0,0.012558,3.258096538021482,2.0794415,40.4767,20.514256,0.5122601,-0.14878862,0.543944
94,2025.0,-0.15785,2.70805020110221,2.1972246,37.5067,20.240526,0.23898925,-0.2821311,0.619935
93,2025.0,0.017893,2.4849066497880004,2.0794415,42.1568,20.751354,0.11457942,0.10788712,0.521457
86,2025.0,0.0055969999999999995,2.9444389791664403,2.3978953,56.402,20.380266,0.084247075,-0.06224472,0.258674
22,2025.0,0.048443,1.6094379124341003,2.0794415,36.563,20.530289,0.23642105,-0.2283691,0.265744
58,2025.0,0.023395,2.70805020110221,2.3025851,34.8785,20.161789,0.19877869,-0.048129838,0.370166
33,2025.0,0.11839699999999999,1.0986122886681098,1.7917595,28.9313,20.098858,0.06364484,-0.11172481,0.36238699999999996
74,2025.0,0.040971,0.0,1.9459101,44.5259,20.674288,0.04974904,-0.045389045,0.38897499999999996
69,2025.0,0.036119,1.9459101490553132,2.4849067,26.007,21.125689,0.06769798,0.12210959,0.527197
8,2025.0,0.068101,2.0794415416798357,2.0794415,43.125,19.780447,0.37178555,-0.016073808,0.28851899999999997
