rows,clusters,beta,t
10,1,1.1916163781409337,5.594339626293772
18,2,1.1172274692044268,5.710132595732139
28,3,1.0577776640314007,5.662407935582013
38,4,1.012261910715943,5.530932471571496
48,5,0.9718062178637524,5.5122049866201435
58,6,0.9378115415538184,5.440657589338423
67,7,0.9077445040853109,5.399054007366114
72,8,0.8835414304356645,5.2163308216212245
78,9,0.8292058808783521,4.951067683985844
87,10,0.8007689144882635,4.880747489553062
97,11,0.774930007502925,4.814532768183736
102,12,0.7526355189491158,4.7228641370126745
109,13,0.7300605622239509,4.656852856714967
119,14,0.7085411335280716,4.561055118930312
129,15,0.6876047141162728,4.506610215123009
133,16,0.6673164828702441,4.437569787937673
143,17,0.6481426065625857,4.35870956265097
153,18,0.6301576839247715,4.279691227220805
161,19,0.6121006009714521,4.2177818219294805
171,20,0.5948331910720424,4.1293573120344815
181,21,0.5778443262463556,4.074782110892587
190,22,0.5610989264000682,3.9397349384799907
200,23,0.5444258141646572,3.8512900782457393
210,24,0.5278203288097543,3.764922051983483
220,25,0.5114547623640348,3.682057550021034
228,26,0.49532037313428523,3.6109400494463078
238,27,0.47936079761561157,3.500225288964912
246,28,0.4641210653675116,3.424710930215087
256,29,0.44890752394366323,3.317841135186315
265,30,0.43391048504196866,3.2186460821133225
275,31,0.4190672849808522,3.134772787782089
282,32,0.40531880399271336,3.045955012615635
290,33,0.3916160369033459,2.970363000150305
298,34,0.37893023841966766,2.8907346279669794
306,35,0.36607524495105437,2.8126209375189344
316,36,0.35319831998757995,2.727617323608208
326,37,0.3406760847860402,2.645433742262172
336,38,0.3300299946673348,2.5706706400161954
346,39,0.31934157276241204,2.4876226670536155
356,40,0.3087153850174157,2.42057251408452
366,41,0.29744582420550053,2.345315133064483
374,42,0.2865950918563233,2.2657154899211736
382,43,0.27572635401812784,2.1843748312435602
392,44,0.2654562622471489,2.1050404632004374
402,45,0.25606340077591583,2.028105134570889
412,46,0.2467552648200516,1.9544151230751066
422,47,0.2374210727374598,1.8817856020624124
432,48,0.22836072992742845,1.80627110788879
442,49,0.2196300344223671,1.7374728803355632
446,50,0.2113120942822718,1.6725661706665846
455,51,0.2030269505071001,1.6063166221146836
465,52,0.19488106346635012,1.5390586966707114
475,53,0.18697651929904102,1.4856257775393489
485,54,0.17906394787457958,1.4236231276221225
489,55,0.171439401704299,1.3659581480596548
499,56,0.16386351886632644,1.3050286635204003
509,57,0.15659944053055627,1.246817854472587
519,58,0.14941591352191544,1.1905770063113745
529,59,0.14233319862128568,1.133588243135589
539,60,0.13532468465130035,1.077418856109943
548,61,0.12837969454162695,1.0238260931736776
552,62,0.12146571608411597,0.9690769282132464
557,63,0.11458185521278429,0.9152545020752331
567,64,0.10782792825313552,0.8618396168885063
577,65,0.10099717595229929,0.8070827363824064
581,66,0.0943549011342569,0.7522692450746473
585,67,0.08790067239594467,0.7001813282664051
589,68,0.08145584529837645,0.6477483463267971
599,69,0.07505303055118398,0.5951684559294174
603,70,0.06905924444098184,0.5475756143974265
611,71,0.06302785890458514,0.4992297214996409
620,72,0.0571077482581911,0.4525509462094527
630,73,0.05110422652397093,0.40455871813304495
640,74,0.04529545906574855,0.35794365857432725
648,75,0.03962517275117788,0.31286568339572385
658,76,0.034446120088832737,0.27214792890941736
667,77,0.02914359805173718,0.22964579287735773
672,78,0.024192034641251997,0.19049722007753608
676,79,0.019584691602057898,0.15411243194383425
686,80,0.015054084832054037,0.11823320589408168
695,81,0.010551229879460894,0.082710057370576
700,82,0.006189979256366806,0.048517340453950085
707,83,0.0018397525699081528,0.014408807183956863
714,84,-0.0024922600740987337,-0.01949962445397916
722,85,-0.00667551218485779,-0.052149063813271716
732,86,-0.010850296933857067,-0.08472987423773054
742,87,-0.015037126946902315,-0.11736693304055637
746,88,-0.019055367968837257,-0.14857680495639444
751,89,-0.023056208306517306,-0.17950704745722806
759,90,-0.027006384301615595,-0.2099882919576299
768,91,-0.03071702844311125,-0.23857586554318183
771,92,-0.03438489915976522,-0.266987672556328
773,93,-0.03801609792979114,-0.29492835910321596
777,94,-0.041624951200752845,-0.3229212752169204
785,95,-0.04512645438281324,-0.3497953584303047
788,96,-0.048557820562161916,-0.37639181106674474
791,97,-0.051930339647092434,-0.40256358110860985
801,98,-0.055270507655142166,-0.4284126895719054
803,99,-0.058584737280732616,-0.45399610888022474
808,100,-0.061800862333021914,-0.4787622333315922
818,101,-0.06500790397232124,-0.5023345861366774
821,102,-0.06818773794849574,-0.5268580363321977
831,103,-0.07136446533776464,-0.5508038443999135
838,104,-0.07448833819298142,-0.574923551628369
844,105,-0.07748974979234637,-0.5976195607221748
854,106,-0.08032146247815654,-0.6187905953070201
860,107,-0.08309828411059696,-0.6401088258568666
866,108,-0.08565123316229445,-0.659493468586808
870,109,-0.08815287584869166,-0.6787087908903565
880,110,-0.09063937043310935,-0.6965928446587558
884,111,-0.09287124925301832,-0.7138572483999437
889,112,-0.09498599865081082,-0.7298287068301306
899,113,-0.0970752609878807,-0.7454653153684219
904,114,-0.09913810709951058,-0.761154327845813
910,115,-0.1010246054284939,-0.7751332050190988
914,116,-0.10271610791039887,-0.7863683101076429
918,117,-0.10432908980480475,-0.7985505295834376
921,118,-0.10518867020846245,-0.8041550886405101
931,119,-0.10543999768567744,-0.805759994038437
